m,2xi,sigma2xi
2,353.3383647,13.0866061
3,399.4095642,17.36563323
4,396.5047288,23.32380758
5,372.4513391,31.03761159
6,353.3383647,39.2598183
7,359.8221783,44.97777229